target_rows,actual_rows,mode,pattern,p50_ms,p95_ms,p99_ms,mean_ms,stddev_ms,rows_returned,measurements,errors,error_rate
1000,1000,Raw PostgreSQL,SELECT,0.535617,0.695853,0.695853,0.5380326,0.06956667169873805,50,10,0,0.0
1000,1000,Raw PostgreSQL,JOIN,0.519501,0.669863,0.669863,0.5104973,0.07748782231299316,50,10,0,0.0
1000,1000,Raw PostgreSQL,GROUP BY,0.8506095,1.077308,1.077308,0.8655663,0.08004984164637677,10,10,0,0.0
1000,1000,Raw PostgreSQL,CTE,0.907492,1.129067,1.129067,0.9332187,0.09065034431159101,10,10,0,0.0
1000,1000,Raw PostgreSQL,Window,1.0644179999999999,1.172679,1.172679,1.0642156999999999,0.056730663875985105,50,10,0,0.0
1000,1000,Safe-view-only,SELECT,0.652509,0.914324,0.914324,0.6856003,0.1254520940790149,50,10,0,0.0
1000,1000,Safe-view-only,JOIN,0.6829339999999999,0.954966,0.954966,0.7241731,0.13807815646759627,50,10,0,0.0
1000,1000,Safe-view-only,GROUP BY,1.0053955,1.345703,1.345703,1.0303494,0.15141967784749777,10,10,0,0.0
1000,1000,Safe-view-only,CTE,1.1431084999999999,1.403419,1.403419,1.1488975,0.15874885436956704,10,10,0,0.0
1000,1000,Safe-view-only,Window,1.413792,1.585416,1.585416,1.3828097,0.14160835054194368,50,10,0,0.0
1000,1000,RLS + Safe View + Short Credential + Audit,SELECT,1.5536154999999998,2.246275,2.246275,1.5827532999999998,0.2887896130677313,50,10,0,0.0
1000,1000,RLS + Safe View + Short Credential + Audit,JOIN,1.6228275,2.327597,2.327597,1.7186841000000002,0.3054356641705254,50,10,0,0.0
1000,1000,RLS + Safe View + Short Credential + Audit,GROUP BY,1.8345475,2.522409,2.522409,1.9430134,0.2823439403724472,10,10,0,0.0
1000,1000,RLS + Safe View + Short Credential + Audit,CTE,1.900707,2.554913,2.554913,1.9592950999999998,0.3325769223426213,10,10,0,0.0
1000,1000,RLS + Safe View + Short Credential + Audit,Window,1.9610604999999999,2.320787,2.320787,1.9863069,0.18589080463081006,50,10,0,0.0
1000,1000,SessionBound wrapper,SELECT,79.812108,83.684091,83.684091,79.5118986,2.5945752749082533,50,10,0,0.0
1000,1000,SessionBound wrapper,JOIN,94.38137449999999,100.131008,100.131008,94.5363314,3.121774763965466,50,10,0,0.0
1000,1000,SessionBound wrapper,GROUP BY,78.541896,84.259778,84.259778,79.30695519999999,3.0139584731871065,10,10,0,0.0
1000,1000,SessionBound wrapper,CTE,82.76592450000001,93.591224,93.591224,83.99780990000001,4.505828728084201,10,10,0,0.0
1000,1000,SessionBound wrapper,Window,78.477587,81.187239,81.187239,77.75944630000001,2.267293014455037,50,10,0,0.0
1000,1000,SessionBound native hook/executor,SELECT,82.13064299999999,97.605775,97.605775,84.0114185,6.373064435803,50,10,0,0.0
1000,1000,SessionBound native hook/executor,JOIN,98.4331995,107.873653,107.873653,98.7512701,4.359435234912833,50,10,0,0.0
1000,1000,SessionBound native hook/executor,GROUP BY,80.356998,82.041401,82.041401,79.8945819,1.9444763192031143,10,10,0,0.0
1000,1000,SessionBound native hook/executor,CTE,84.0016455,100.5617,100.5617,86.00999759999999,6.240259100585635,10,10,0,0.0
1000,1000,SessionBound native hook/executor,Window,80.01307349999999,82.430167,82.430167,80.19660289999999,1.599470338167759,50,10,0,0.0
10000,10000,Raw PostgreSQL,SELECT,2.1091075000000004,2.402767,2.402767,2.1361574,0.14003537801155816,50,10,0,0.0
10000,10000,Raw PostgreSQL,JOIN,1.895711,2.140778,2.140778,1.9446702999999999,0.0983881579409331,50,10,0,0.0
10000,10000,Raw PostgreSQL,GROUP BY,5.4567585,5.768333,5.768333,5.469731,0.16150307021911378,10,10,0,0.0
10000,10000,Raw PostgreSQL,CTE,5.674334,6.561535,6.561535,5.768461,0.37266053894529816,10,10,0,0.0
10000,10000,Raw PostgreSQL,Window,8.144556999999999,8.565449,8.565449,8.097456699999999,0.23994376645416288,50,10,0,0.0
10000,10000,Safe-view-only,SELECT,2.8403305000000003,3.101457,3.101457,2.8584426,0.10174780185261982,50,10,0,0.0
10000,10000,Safe-view-only,JOIN,2.7327045,3.024907,3.024907,2.7658988,0.15866915152656486,50,10,0,0.0
10000,10000,Safe-view-only,GROUP BY,6.3875135,9.059657,9.059657,6.8030384,0.8346414291656268,10,10,0,0.0
10000,10000,Safe-view-only,CTE,6.4596975,7.844694,7.844694,6.564917199999999,0.4626394073765874,10,10,0,0.0
10000,10000,Safe-view-only,Window,9.014808500000001,9.593538,9.593538,9.062280699999999,0.2957584632270227,50,10,0,0.0
10000,10000,RLS + Safe View + Short Credential + Audit,SELECT,4.091025999999999,4.839846,4.839846,4.132739,0.39040251385000063,50,10,0,0.0
10000,10000,RLS + Safe View + Short Credential + Audit,JOIN,3.619955,4.852435,4.852435,3.7696116,0.4743144494426034,50,10,0,0.0
10000,10000,RLS + Safe View + Short Credential + Audit,GROUP BY,7.424779,8.823298,8.823298,7.492634,0.5378119927411436,10,10,0,0.0
10000,10000,RLS + Safe View + Short Credential + Audit,CTE,7.812153,8.929535,8.929535,7.9735133000000005,0.4424689517324463,10,10,0,0.0
10000,10000,RLS + Safe View + Short Credential + Audit,Window,10.3909415,11.102843,11.102843,10.3867655,0.47275637190338327,50,10,0,0.0
10000,10000,SessionBound wrapper,SELECT,694.442126,738.833236,738.833236,696.4022307,24.089157422783263,50,10,0,0.0
10000,10000,SessionBound wrapper,JOIN,684.679484,717.888702,717.888702,684.5561052999999,15.439324502440932,50,10,0,0.0
10000,10000,SessionBound wrapper,GROUP BY,701.688058,768.585042,768.585042,710.5363479,26.215304105457715,10,10,0,0.0
10000,10000,SessionBound wrapper,CTE,698.366493,762.364753,762.364753,707.7316208,26.854850456708405,10,10,0,0.0
10000,10000,SessionBound wrapper,Window,673.8260335,752.435867,752.435867,685.808491,31.530176862754157,50,10,0,0.0
10000,10000,SessionBound native hook/executor,SELECT,660.1668099999999,697.966613,697.966613,662.1455874000001,18.400176890728353,50,10,0,0.0
10000,10000,SessionBound native hook/executor,JOIN,677.3800665,707.364629,707.364629,680.6120033,15.820672904734602,50,10,0,0.0
10000,10000,SessionBound native hook/executor,GROUP BY,683.22942,761.756677,761.756677,685.1957708,28.16214030681538,10,10,0,0.0
10000,10000,SessionBound native hook/executor,CTE,673.1499205,697.139673,697.139673,676.4896885,11.219762854382008,10,10,0,0.0
10000,10000,SessionBound native hook/executor,Window,677.100729,737.609836,737.609836,682.6882373000001,22.03040401691341,50,10,0,0.0
100000,100000,Raw PostgreSQL,SELECT,12.302449,12.568465,12.568465,12.3221819,0.1751002452353795,50,10,0,0.0
100000,100000,Raw PostgreSQL,JOIN,17.157343,20.345897,20.345897,17.460613000000002,1.023760772620245,50,10,0,0.0
100000,100000,Raw PostgreSQL,GROUP BY,63.7198,69.280473,69.280473,64.0701729,1.9541653400542873,10,10,0,0.0
100000,100000,Raw PostgreSQL,CTE,67.39519849999999,73.177329,73.177329,67.3969674,2.4650684416714754,10,10,0,0.0
100000,100000,Raw PostgreSQL,Window,94.561474,99.796951,99.796951,94.92041409999999,2.1977305251239745,50,10,0,0.0
100000,100000,Safe-view-only,SELECT,26.254725,27.146086,27.146086,26.285095300000002,0.46525265984044634,50,10,0,0.0
100000,100000,Safe-view-only,JOIN,24.910756,28.196648,28.196648,25.1342529,1.3387470269898976,50,10,0,0.0
100000,100000,Safe-view-only,GROUP BY,72.818315,74.496491,74.496491,72.50263770000001,1.7346979612525109,10,10,0,0.0
100000,100000,Safe-view-only,CTE,77.4543885,83.521419,83.521419,77.6127674,2.842242977710918,10,10,0,0.0
100000,100000,Safe-view-only,Window,101.25887399999999,110.320441,110.320441,101.3811413,3.637617741209571,50,10,0,0.0
100000,100000,RLS + Safe View + Short Credential + Audit,SELECT,18.695293,19.920235,19.920235,18.7323998,0.654095497704242,50,10,0,0.0
100000,100000,RLS + Safe View + Short Credential + Audit,JOIN,17.640832500000002,18.579024,18.579024,17.8271144,0.3964462377362663,50,10,0,0.0
100000,100000,RLS + Safe View + Short Credential + Audit,GROUP BY,75.0935245,80.254376,80.254376,75.7097518,2.5571024506960134,10,10,0,0.0
100000,100000,RLS + Safe View + Short Credential + Audit,CTE,79.356559,87.138168,87.138168,80.77169,3.732353532990837,10,10,0,0.0
100000,100000,RLS + Safe View + Short Credential + Audit,Window,100.5716045,103.856822,103.856822,100.7370673,1.6617123322352791,50,10,0,0.0
100000,100000,SessionBound wrapper,SELECT,6313.4177185,6543.996953,6543.996953,6299.4602036,116.3868608818803,50,10,0,0.0
100000,100000,SessionBound wrapper,JOIN,6285.926832,6488.166903,6488.166903,6291.0549229,75.90008090356882,50,10,0,0.0
100000,100000,SessionBound wrapper,GROUP BY,6254.2207045,6372.997068,6372.997068,6264.1860326000005,48.04835280003338,10,10,0,0.0
100000,100000,SessionBound wrapper,CTE,6259.502552,6320.358886,6320.358886,6250.4767646,49.22012266675946,10,10,0,0.0
100000,100000,SessionBound wrapper,Window,6136.371754,6289.336897,6289.336897,6169.1141639,64.42067815076787,50,10,0,0.0
100000,100000,SessionBound native hook/executor,SELECT,6242.656286,6437.43697,6437.43697,6264.1918014,102.54303601380202,50,10,0,0.0
100000,100000,SessionBound native hook/executor,JOIN,6342.3467605000005,6539.533019,6539.533019,6341.6707159,113.24243599896758,50,10,0,0.0
100000,100000,SessionBound native hook/executor,GROUP BY,6335.1048515,6502.502745,6502.502745,6339.5718486999995,99.31813824143444,10,10,0,0.0
100000,100000,SessionBound native hook/executor,CTE,6444.1071955,6717.461116,6717.461116,6489.126843399999,108.4889938400083,10,10,0,0.0
100000,100000,SessionBound native hook/executor,Window,6343.712847,6588.610693,6588.610693,6364.2788358,109.8430140212313,50,10,0,0.0
